Asset,Non_Trades,Bel_Trades,Non_Cash_Ratio,Bel_Cash_Ratio,Non_Missed_Return,Non_NAV,Bel_NAV,Premium
688_CHIP,31,1,57.7%,41.2%,+20.26%,3.075479228467134,4.042086976706439,+0.97
QQQ,18,1,34.1%,15.4%,+22.19%,2.385072522483862,2.4945418575965856,+0.11
SOXX,34,1,46.7%,18.1%,+97.26%,1.6494770643267855,3.2683931066972733,+1.62
MU,50,1,45.0%,12.1%,+142.43%,12.795162118063702,67.08809094976725,+54.29
SanDisk,36,1,42.0%,17.3%,+290.09%,140.96915555488522,1023.4491964416028,+882.48
EWY,28,1,42.5%,56.2%,+89.67%,1.508897774891163,5.7256822312771725,+4.22
