Asset,Non_Trades,Bel_Trades,Non_Cash_Ratio,Bel_Cash_Ratio,Non_Missed_Return,Non_NAV,Bel_NAV,Premium
688_CHIP,30,37,57.7%,41.2%,+20.26%,3.0708933285927165,4.038272991599395,+0.97
QQQ,145,127,34.1%,15.4%,+22.19%,1.4716339505769058,2.4322876674161877,+0.96
SOXX,142,112,46.7%,18.1%,+97.26%,1.6365112731108176,3.249874617429196,+1.61
MU,50,61,45.0%,12.1%,+142.43%,12.70035919923315,66.59200373957016,+53.89
SanDisk,98,94,42.0%,17.3%,+290.09%,139.23012876624654,1017.2951300177924,+878.07
EWY,150,1,42.5%,56.2%,+89.67%,1.4967506874967715,3.3534101239165954,+1.86
