Asset,Non_Trades,Bel_Trades,Non_Cash_Ratio,Bel_Cash_Ratio,Non_Missed_Return,Non_NAV,Bel_NAV,Premium
688_CHIP,79,57,38.3%,41.2%,+53.82%,1.6336128849961955,4.175867215450024,+2.54
QQQ,122,135,27.1%,15.4%,+38.70%,1.3833389127986546,1.7369880373295785,+0.35
SOXX,115,128,35.6%,18.1%,+45.33%,1.8120616134461225,2.4365610989450546,+0.62
MU,144,136,33.9%,12.1%,+238.79%,2.6200874384745747,13.51147324639678,+10.89
SanDisk,74,67,30.7%,17.3%,+226.43%,10.686292871459887,87.13574567120007,+76.45
EWY,115,94,25.1%,56.2%,+37.31%,1.7154221177794293,3.393733784932412,+1.68
