Asset,Non_Trades,Bel_Trades,Non_Cash_Ratio,Bel_Cash_Ratio,Non_Missed_Return,Non_NAV,Bel_NAV,Premium
688_CHIP,79,57,38.3%,41.2%,+53.82%,1.9423919652572768,5.547651636604301,+3.61
QQQ,122,135,27.1%,15.4%,+38.70%,1.5314503459637105,2.0004683766710083,+0.47
SOXX,115,128,35.6%,18.1%,+45.33%,2.254021292432084,3.2151499382234694,+0.96
MU,144,136,33.9%,12.1%,+238.79%,3.6725068267783967,21.902042066906407,+18.23
SanDisk,74,67,30.7%,17.3%,+226.43%,23.33861436558723,173.03126805679034,+149.69
EWY,115,94,25.1%,56.2%,+37.31%,2.09489722354856,4.46583979639076,+2.37
